Timestamp,First Name,Surname,Known As,Age,Gender,Email Address,Mobile Phone Number,Alternate Phone Number,Street Address,Town/City,Postcode,Emergency Contact Name,Relationship,Emergency Contact Number,Outdoor Work,Indoor Work,Interests,Signed In,Spolunteer Number,Workforce Holding
24/02/2017 19:43:30,Brian,Faith ,Balls,40,Male,bf@homeserve.com,79856432187,,,,,Jill,Wife,79865432109,Preferred,No,Debris Clean Up,,2,
24/02/2017 19:44:14,Jane,Doe,Jane,34,Female,jane@hot.co,789345213,,,,,john doe,Husband,888987643,Yes,Yes,,,,
24/02/2017 19:45:16,Bob,Mouse,Bob,47,Male,bob@gmail.com,7899554332,,,,,Mary,Wife,1234543267,No,Yes,,,,
24/02/2017 19:45:17,Eric ,Gumby,Eric,50,Prefer not to say,eric@gmail.com,7900493257,1722743472,Right ,,,Mrs gumby,Wife,1722743472,Preferred,No,"Data Entry, Translating, Mapping Routes",,,
24/02/2017 19:46:05,Jill,Faith,Jill,38,Female,jill@homeserve.com,78965432098,,,,,Brian,Husband,789065432190,No,Preferred,Data Entry,,,
24/02/2017 19:46:32,Frances,Bograt,Frankie,60,Male,frances@jju.vi,7788944322,,,,,Fred,Partner,99865432,Yes,Yes,,,,
24/02/2017 19:47:56,Frank ,Pixypixy,Pixy,76,Prefer not to say,pixy@gmail.com,7980465321,,,,,Mrs pixy,Lover,1790654321,Preferred,No,"Information Gathering, Making Refreshments, Assisting Other Agencies as Required",,,
24/02/2017 19:48:00,Doris,Tree,Doris,40,Female,doris@hit.con,7888844332,,,,,Derek,Boyfriend ,322432157,Yes,Yes,,,,
24/02/2017 19:49:21,Donald,Trump,Eagle,63,Prefer not to say,president@usa.com,111334257,,,,,First lady,Wife ,4442346776,No,Yes,,,,
24/02/2017 19:49:39,Frank ,Cooper,Franky,45,Male,frankyc@gmail.co.uk,7900567876,,,,,Mr ricard,Lover,7900678876,Preferred,Yes,"Answering Phones/Taking Messages, Translating, Information Dissemination, Information Gathering, Transporting Supplies/Equipment, Packing Boxes, Helping with Sandbags",,,
24/02/2017 19:49:50,Harry,Hill,Half pint,60,Male,laughoutloud@comic.com,78912345678,,,,,Sam,Partner,78945327654,No,Preferred,Reception Duties,,,
24/02/2017 19:50:14,Muckles,McMucksalot,Mucky,28,Female,mucky@gmail.com,7123456789,123456789,16 Muddy Track,Exeter,Ex14 ggy,Damp Wettrousers,Mother,987654321,Preferred,No,"Mapping Routes, Debris Clean Up, Helping with Sandbags",,,
24/02/2017 19:51:39,Fred,Jones,Fred,42,Male,fred@jones1.com,77777777897,,,,,Mrs jones,Wife,1111133356789,Yes,Yes,"Reception Duties, Mapping Routes, Transporting Supplies/Equipment, Loading/Unloading Vehicles, Cleaning Kit and Equipment",,,
24/02/2017 19:51:54,Paul,Smith,Paul,18,Male,paul@googlemail.com,7810987654,,,,,Steve,Smith,7810283746,Preferred,Yes,"Answering Phones/Taking Messages, Reception Duties, Mapping Routes, Staffing Feeding Stations for Responders, Assisting Other Agencies as Required",,,
24/02/2017 19:52:29,Harry,Windsor ,Ginge,30,Male,buckhouse@london.com,7823456098755,,,,,Liz,Mother,Private,No,Yes,Answering Phones/Taking Messages,,,
24/02/2017 19:52:57,Typey,McGee,Typey,56,Female,typey@yahoo.com,99887766554,3344556677,This Road,Staples,ST4 PTY,Dot Matrix,Mother,1234987655,No,Yes,"Data Entry, Answering Phones/Taking Messages, Reception Duties, Information Dissemination, Information Gathering, Assisting Other Agencies as Required",,,
24/02/2017 19:53:49,Mucca,McMuccy,Muc,27,Male,mucca@mucca.com,78967896789,,,,,Mrs McMucky,Wife,1234567890,Yes,Yes,"Reception Duties, Mapping Routes, Transporting Supplies/Equipment, Packing Boxes, Distributing Supplies, Helping with Sandbags, Assisting Other Agencies as Required",,,
24/02/2017 19:54:23,Liz,Windsor,Hrh,Old,Female,buckhouse@london.com,Private,,,,,Philip,Husband,7,Preferred,No,Helping with Sandbags,,,
24/02/2017 19:55:32,Steve,Hill,Hilly,25,Male,hill@googlemail.com,7123456788,,,,,David hill,Father ,1526417348,Yes,No,"Answering Phones/Taking Messages, Translating, Information Dissemination, Transporting Supplies/Equipment, Making Refreshments, Helping with Sandbags",,,
24/02/2017 19:55:32,Ima,Lumberjack,Choppy,25,Prefer not to say,timber@aol.com,7777777777,44444444444,The Forest,Woodtown ,WW4 HYT,Leafy Elm,Partner,66665555224,Preferred,No,Debris Clean Up,,,
24/02/2017 19:55:49,Oswald ,Fitzwald,Fitz,31,Prefer not to say,fitz@fitz.com,1234567098,,,,,Nanny Fittzwald ,Mum,98767890123,No,Preferred,"Data Entry, Answering Phones/Taking Messages, Managing Staff/Volunteer Rotas, Reception Duties, Making Refreshments",,,
24/02/2017 19:57:57,Rupert,Rogers,Rupee,45,Male,rupert@rupert.com,98767890321,,,,,Roger rogers,Partner,1234567654,Yes,Yes,"Reception Duties, Mapping Routes, Transporting Supplies/Equipment, Loading/Unloading Vehicles, Packing Boxes, Distributing Supplies, Staffing Feeding Stations for Responders, Cleaning Kit and Equipment",,,
24/02/2017 19:58:13,Neil,Tall,Tally,37,Male,winter@fslife.co.uk,1527412749,,,,,Gavin,Father ,7810207273,Yes,Preferred,"Answering Phones/Taking Messages, Translating, Information Gathering",,,
24/02/2017 19:59:38,Frank,Thompson,Frank,16,Male,awesome22@gmail.com,22255553337,88774455222, Mum's Cottage,Hometown,YTH 5JJ,Sally McMum,Mother,888777634342,Preferred,Preferred,"Managing Staff/Volunteer Rotas, Translating, Information Gathering, Loading/Unloading Vehicles, Distributing Supplies, Cleaning Kit and Equipment, Debris Clean Up, Assisting Other Agencies as Required",,,
24/02/2017 19:59:55,Paul,Will,Willy,28,Male,willy@googlemail.com,7810839473,,,,,Paula,Mother ,781084396,No,Yes,,,,
24/02/2017 20:00:04,Oscar,Timpuss,Pussy,34,Female,oscar@pussy.com,98789789789,,,,,Mrs Timpuss,Sister,12312312312,Yes,Yes,"Data Entry, Answering Phones/Taking Messages, Managing Staff/Volunteer Rotas, Reception Duties, Packing Boxes, Distributing Supplies, Making Refreshments, Debris Clean Up, Helping with Sandbags",,,
24/02/2017 20:01:33,Andy ,Ally ,And,34,Male,aa@outlook.com,9876543221,,,,,Steamed ,Dad,123456789,Preferred,Preferred,,,,
24/02/2017 20:02:02,Paula,Young,Paula,37,Female,young@googlemail.com,7829472037,,,,,Steven,Father,1572847390,Yes,No,,,,
24/02/2017 20:03:02,Ben,Boss,Boss,23,Male,ben@gmail.com,1234567,,,,,Bob,Dad,12343212334,Preferred,Preferred,,,,
24/02/2017 20:03:37,Thalie,Andersen,Thalie,45,Female,thalieandersen@yahoo.co.uk,07744 322244,,,,,Amy,Daughter,01803 444333,Yes,No,,,,
24/02/2017 20:04:15,Matt,Brain ,Matty ,46,Male,matty@fslife.co.uk,7893279433,,,,,Tron ,Father ,7810374837,Preferred,No,,,,
24/02/2017 20:05:16,Jason,Aymes,Jas,49,Male,jasonaymes@yahoo.co.uk,07491 333777,,,,,Mel Aymes,Sister,07744 456789,No,Yes,,,,
24/02/2017 20:06:22,Charlie ,Cross,Coz,28,Male,cha@gmail.com,13567890,,,,,Ben ,Dad,1356890,Preferred,Preferred,,,,
24/02/2017 20:07:08,Iva,Biggun ,Big,34,Male,biglad@hotmail.com,7659123233,,,,,Polly,Wife,8989898888,Yes,Preferred,,,,
24/02/2017 20:07:21,Mike,Dude,Micky,22,Male,mikecooldude@yahoo.co.uk,07743 223344,,,,,Jasper Dude,Brother ,01894 567890,Yes,No,,,,
24/02/2017 20:08:59,Lisa,Collins,Lucky,34,Female,lisacollins@gmail.com,07890 336678,,,,,Pam Collins,Mum,01590 785634,No,Preferred,,,,
24/02/2017 20:09:55,Teresa ,Green,Woody,20,Female,conifer@gmail.com,55555555555555555,,,,,Helen Spinks,Wife,4444444445555555555,Preferred,No,,,,
24/02/2017 20:11:04,Sally,Hope,Sal,56,Female,sallyhopefully@gmail.com,07890 123654,,,,,Dave,Hope,09876 456322,Yes,Yes,,,,
24/02/2017 20:12:24,Mo,Buddy ,Mb,56,Male,nhg@gmail.co,14689045,,,,,Kipper ,Brother ,1528390,Preferred,Preferred,,,,
24/02/2017 20:13:00,Stuart,Ross,Stuffy,32,Male,sturossy@googlemail.com,02380 214236,,,,,Sarah Ross,Wife,02380 546728,No,Preferred,,,,
24/02/2017 20:14:12,Doris,Mick,Doris,18,Male,doris@hotmail.com,1212121212121112,,,,,Peter,Peel,34343434344444444,Yes,Yes,,,,
24/02/2017 20:15:28,Suzy,Lettuce,Salami,26,Female,suzylucy@googlemail.com,04567 376452,,,,,Sam ,Partner,09435 576483,Yes,Yes,,,,
24/02/2017 20:17:34,Lesley,Lines,Lez,40,Male,spiderma@hotmail.com,12345678910,,,,,Sparky,Brother,343524253545,Yes,Yes,,,,
24/02/2017 20:17:50,Wanda, Barrington,Windy,62,Female,windywanda@yahoo.com,04657 987654,,,,,Mike Barrington,Husband,09234 456723,No,Yes,,,,
24/02/2017 20:19:32,Ben,Dover,Ben,29,Male,ben@hotmail.com,235647777777777,,,,,Belinda,Wife,345454545454545,No,Preferred,"Data Entry, Answering Phones/Taking Messages, Reception Duties, Packing Boxes, Making Refreshments, Cleaning Kit and Equipment, Assisting Other Agencies as Required",,,
24/02/2017 20:24:51,Paul,Newman,Paul,22,Male,paulnewby@yahoo.co.uk,07890 645372,,,,,Elizabeth,Daughter,01590 4536274,Yes,No,,,,
24/02/2017 20:27:02,Jasper,Turner,Lumpy,28,Prefer not to say,jasperturner@gmail.co.uk,03459 564728,,,,,John,Dad,01892 456382,Yes,Yes,,,,
24/02/2017 20:27:29,Patrick,O'Hoolihan,Patches,52,Male,patches@adaa.com,789273672,,,,,Joanna McAllister,Carer,781127372,Preferred,No,"Packing Boxes, Making Refreshments, Staffing Feeding Stations for Responders, Cleaning Kit and Equipment, Debris Clean Up, Helping with Sandbags",,,
24/02/2017 20:29:35,Princess,Banana-Hammock,Consuela ,29,Female,bob@hotmail.com,789372618,,,,,Paul Rudd,Fianc√© ,787621283,Yes,Yes,"Data Entry, Answering Phones/Taking Messages, Translating, Reception Duties, Information Gathering, Distributing Supplies, Making Refreshments, Staffing Feeding Stations for Responders",,,
24/02/2017 20:30:55,Hugh,Jass,Cheeks,69,Prefer not to say,cheeks@hotmail.co.uk,7876543324,,,,,Peachy bottom,Mistress ,7765876434,No,Preferred,"Reception Duties, Packing Boxes",,,
24/02/2017 20:31:15,Jessica,Hart,Bob,27,Female,jessica@gmail.com,789726281,,,,,Max,Power,7897221237,Preferred,Yes,"Loading/Unloading Vehicles, Packing Boxes, Distributing Supplies, Making Refreshments, Staffing Feeding Stations for Responders, Cleaning Kit and Equipment, Debris Clean Up, Helping with Sandbags, Assisting Other Agencies as Required",,,
24/02/2017 20:33:07,King,Julian ,Jules,21,Male,jules@hotmail.co.uk,9087654654,,,,,Maurice fisher,Sidekick,8765456787,Yes,No,"Translating, Distributing Supplies",,,
24/02/2017 20:35:11,Mere,Now,Workhorse,100,Male,merenow@hotmail.co.uk,7876568798,,,,,Dave the rave,Uncle,7876435234,Preferred,Yes,"Information Dissemination, Transporting Supplies/Equipment, Loading/Unloading Vehicles",,,
25/02/2017 08:44:03,Oscar,Timpuss,Pussy,34,Female,oscar@pussy.com,98789789789,,,,,Mrs Timpuss,Sister,12312312312,Yes,Yes,"Data Entry, Answering Phones/Taking Messages, Managing Staff/Volunteer Rotas, Reception Duties, Packing Boxes, Distributing Supplies, Making Refreshments, Debris Clean Up, Helping with Sandbags",,,
09/05/2017 08:39:24,Clare,Hollowell,Clare,35,Female,clare.hollowell@gmail.com,7814451703,,,,,Penny,Mother,97810000000,Yes,Yes,"Data Entry, Answering Phones/Taking Messages, Managing Staff/Volunteer Rotas, Reception Duties, Packing Boxes, Cleaning Kit and Equipment, Debris Clean Up, Helping with Sandbags, Assisting Other Agencies as Required",,,